Date,Day,City,Country,Region,Night,Lover Bodysuit,The Man Jacket,Lover Mic #1,Lover Guitar,Lover Mic #2,Fearless Dress,Fearless Mic,Red Shirt,Red Mic #1,Red Romper,WANEGBT Chant (Kam),Red Guitar,Red Mic #2,Speak Now Gown,Koi Fish Guitar,Speak Now Mic,Reputation Jumpsuit,Reputation Mic,Folklore Dress,Evermore Dress,Standing Ovation,Indie Sister Cloak,Indie Sister Mic,1989 Top,1989 Skirt,Left 1989 Boot,Right 1989 Boot,1989 Match,1989 Mic,TTPD Dress,TTPD Gloves,TTPD Choker,TTPD Mic #1,Broken Heart Set,Broken Heart Jacket,TTPD Mic #2,Surprise Song Dress,Midnights Fur,Midnights Shirt,Midnights Bodysuit,Karma Jacket,Midnights Mic,,Resources
3/17/2023,Friday,Glendale,USA,Southwest,1,Pink & Blue,Silver,Blurple Sparkles,Purple,Pastel,Short Fringe,Gold & Black,A Lot Going On,Red & Black,Red/Black,Like Ever,Red,Black Sparkles,Champagne,No,Purple Metallic,Red & Black,Snake,Purple,Orange,15,Green,Wood Grain,Pink,Pink,Pink,Pink,Matching Set,Blue Ombre,NA,NA,NA,NA,NA,NA,NA,Maroon,Purple,Silver,Lines,Multicolor,Navy Sparkles,,https://docs.google.com/spreadsheets/d/1WZyhckHAwOosHGA65h5dp5SHL5aoUMiyYXcY1k5MYUM/edit?gid=174092590#gid=174092590
3/18/2023,Saturday,Glendale,USA,Southwest,2,Blue & Gold,Black,Blurple Sparkles,Blue,Pastel,Long Gold,Gold & Black,Ew,Red & Black,Red/Black,Like Ever,Red,Black Sparkles,Pink,No,Purple Metallic,Red & Black,Snake,Cream,Orange,88,Green,Wood Grain,Green,Green,Green,Green,Matching Set,Blue Ombre,NA,NA,NA,NA,NA,NA,NA,Green,Purple,Blue,Lines,Magenta,Navy Sparkles,,https://docs.google.com/spreadsheets/d/1uvVEEqZsUbWCb61vSmpJRGfwtwoxbU70hkKgJiramHQ/edit?gid=1500331289#gid=1500331289
3/24/2023,Friday,Las Vegas,USA,West,1,Pink & Blue,Silver,Blurple Sparkles,Purple,Pastel,Short Fringe,Gold & Black,A Lot Going On,Red & Black,Red/Black,Like Ever,Red,Black Sparkles,Champagne,No,Purple Metallic,Red & Black,Snake,Pink,Orange,103,Green,Wood Grain,Pink,Pink,Pink,Pink,Matching Set,Blue Ombre,NA,NA,NA,NA,NA,NA,NA,Maroon,Purple,Silver,Swirls,Multicolor,Navy Sparkles,,
3/25/2023,Saturday,Las Vegas,USA,West,2,Blue & Gold,Black,Blurple Sparkles,Pink,Pastel,Long Gold,Gold & Black,Ew,Red & Black,Red/Black,Like Ever,Red,Black Sparkles,Pink,No,Purple Metallic,Red & Black,Snake,Purple,Orange,72,Green,Wood Grain,Green,Green,Green,Green,Matching Set,Blue Ombre,NA,NA,NA,NA,NA,NA,NA,Green,Purple,Blue,Lines,Light Pink,Navy Sparkles,,
3/31/2023,Friday,Arlington,USA,Southwest,1,Blue & Gold,Black,Blurple Sparkles,Blue,Pastel,Long Gold,Gold & Black,Never Ever,Red & Black,Red/Black,Like Ever,Red,Black Sparkles,Champagne,No,Purple Metallic,Red & Black,Snake,Cream,Orange,44,Green,Wood Grain,Green,Green,Green,Green,Matching Set,Blue Ombre,NA,NA,NA,NA,NA,NA,NA,Green,Purple,Pink,Swirls,Multicolor,Navy Sparkles,,
4/1/2023,Saturday,Arlington,USA,Southwest,2,Pink & Blue,Silver,Blurple Sparkles,Purple,Pastel,Short Fringe,Gold & Black,Ew,Red & Black,Red/Black,Like Ever,Black,Black Sparkles,Pink,No,Purple Metallic,Red & Black,Snake,Purple,Orange,36,Green,Wood Grain,Pink,Pink,Pink,Pink,Matching Set,Blue Ombre,NA,NA,NA,NA,NA,NA,NA,Maroon,Purple,Purple,Lines,Magenta,Navy Sparkles,,
4/2/2023,Sunday,Arlington,USA,Southwest,3,Blue & Gold,Black,Blurple Sparkles,Pink,Pastel,Long Gold,Gold & Black,A Lot Going On,Red & Black,Red/Black,Like Ever,Black,Black Sparkles,Champagne,No,Purple Metallic,Red & Black,Snake,Pink,Orange,74,Green,Wood Grain,Green,Green,Green,Green,Matching Set,Blue Ombre,NA,NA,NA,NA,NA,NA,NA,Green,Purple,Silver,Swirls,Light Pink,Navy Sparkles,,
4/13/2023,Thursday,Tampa,USA,Southeast,1,Pink & Blue,Silver,Blurple Sparkles,Pink,Pastel,Short Fringe,Gold & Black,Ew,Red & Black,Red/Black,Like Ever,Black,Black Sparkles,Tissue Flower,No,Purple Metallic,Red & Black,Snake,Green,Orange,90,Green,Wood Grain,Orange,Orange,Orange,Orange,Matching Set,Blue Ombre,NA,NA,NA,NA,NA,NA,NA,Yellow,Purple,Purple,Swirls,Multicolor,Navy Sparkles,,
4/14/2023,Friday,Tampa,USA,Southeast,2,Blue & Gold,Black,Blurple Sparkles,Blue,Pastel,Long Gold,Gold & Black,A Lot Going On,Red & Black,Red/Black,Like Ever,Black,Black Sparkles,Pink,No,Purple Metallic,Red & Black,Snake,Cream,Orange,45,Green,Wood Grain,Pink,Pink,Pink,Pink,Matching Set,Blue Ombre,NA,NA,NA,NA,NA,NA,NA,Maroon,Purple,Silver,Lines,Light Pink,Navy Sparkles,,
4/15/2023,Saturday,Tampa,USA,Southeast,3,Pink & Blue,Silver,Blurple Sparkles,Purple,Pastel,Short Fringe,Gold & Black,Ew,Red & Black,Red/Black,Like Ever,Black,Black Sparkles,Champagne,No,Purple Metallic,Red & Black,Snake,Pink,Orange,114,Green,Wood Grain,Green,Green,Green,Green,Matching Set,Blue Ombre,NA,NA,NA,NA,NA,NA,NA,Green,Purple,Pink,Swirls,Magenta,Navy Sparkles,,
4/21/2023,Friday,Houston,USA,Southwest,1,Pink & Blue,Silver,Blurple Sparkles,Pink,Pastel,Short Fringe,Gold & Black,A Lot Going On,Red & Black,Red/Black,Like Ever,Black,Black Sparkles,Champagne,No,Purple Metallic,Red & Black,Snake,Cream,Orange,85,Green,Wood Grain,Orange,Orange,Orange,Orange,Matching Set,Blue Ombre,NA,NA,NA,NA,NA,NA,NA,Yellow,Purple,Pink,Swirls,Multicolor,Navy Sparkles,,
4/22/2023,Saturday,Houston,USA,Southwest,2,Blue & Gold,Black,Blurple Sparkles,Blue,Pastel,Long Gold,Gold & Black,Ew,Red & Black,Red/Black,Like Ever,Black,Black Sparkles,Tissue Flower,No,Purple Metallic,Red & Black,Snake,Purple,Orange,41,Green,Wood Grain,Pink,Pink,Pink,Pink,Matching Set,Blue Ombre,NA,NA,NA,NA,NA,NA,NA,Maroon,Purple,Silver,Lines,Magenta,Navy Sparkles,,
4/23/2023,Sunday,Houston,USA,Southwest,3,Pink & Blue,Silver,Blurple Sparkles,Purple,Pastel,Short Fringe,Gold & Black,Never Ever,Red & Black,Red/Black,Like Ever,Black,Black Sparkles,Pink,No,Purple Metallic,Red & Black,Snake,Pink,Orange,97,Green,Wood Grain,Green,Green,Green,Green,Matching Set,Blue Ombre,NA,NA,NA,NA,NA,NA,NA,Green,Purple,Purple,Swirls,Light Pink,Navy Sparkles,,
4/28/2023,Friday,Atlanta,USA,Southeast,1,Pink & Blue,Silver,Blurple Sparkles,Pink,Pastel,Short Fringe,Gold & Black,A Lot Going On,Red & Black,Red/Black,Like Ever,Black,Black Sparkles,Pink,No,Purple Metallic,Red & Black,Snake,Cream,Orange,70,Green,Wood Grain,Green,Green,Green,Green,Matching Set,Blue Ombre,NA,NA,NA,NA,NA,NA,NA,Green,Purple,Silver,Swirls,Magenta,Navy Sparkles,,
4/29/2023,Saturday,Atlanta,USA,Southeast,2,Blue & Gold,Black,Blurple Sparkles,Blue,Pastel,Long Gold,Gold & Black,Ew,Red & Black,Red/Black,Like Ever,Black,Black Sparkles,Champagne,No,Purple Metallic,Red & Black,Snake,Purple,Orange,34,Green,Wood Grain,Pink,Pink,Pink,Pink,Matching Set,Blue Ombre,NA,NA,NA,NA,NA,NA,NA,Maroon,Purple,Pink,Lines,Light Pink,Navy Sparkles,,
4/30/2023,Sunday,Atlanta,USA,Southeast,3,Pink & Blue,Silver,Blurple Sparkles,Purple,Pastel,Short Fringe,Gold & Black,Never Ever,Red & Black,Red/Black,Like Ever,Black,Black Sparkles,Tissue Flower,No,Purple Metallic,Red & Black,Snake,Pink,Orange,214,Green,Wood Grain,Orange,Orange,Orange,Orange,Matching Set,Blue Ombre,NA,NA,NA,NA,NA,NA,NA,Yellow,Purple,Purple,Swirls,Multicolor,Navy Sparkles,,
5/5/2023,Friday,Nashville,USA,Southeast,1,Pink & Blue,Silver,Blurple Sparkles,Pink,Pastel,Short Fringe,Gold & Black,Ew,Red & Black,Red/Black,Like Ever,Black,Black Sparkles,Champagne,No,Purple Metallic,Red & Black,Snake,Cream,Orange,161,Green,Wood Grain,Pink,Pink,Pink,Pink,Matching Set,Blue Ombre,NA,NA,NA,NA,NA,NA,NA,Maroon,Purple,Purple,Lines,Magenta,Navy Sparkles,,
5/6/2023,Saturday,Nashville,USA,Southeast,2,Blue & Gold,Black,Blurple Sparkles,Blue,Pastel,Long Gold,Gold & Black,A Lot Going On,Red & Black,Red/Black,Like Ever,Black,Black Sparkles,Tissue Flower,No,Purple Metallic,Red & Black,Snake,Pink,Orange,140,Green,Wood Grain,Green,Green,Green,Green,Matching Set,Blue Ombre,NA,NA,NA,NA,NA,NA,NA,Green,Purple,Silver,Swirls,Multicolor,Navy Sparkles,,
5/7/2023,Sunday,Nashville,USA,Southeast,3,Pink & Blue,Silver,Rain,Purple,Rain,Short Fringe,Rain,Never Ever,Rain,Red/Black,Like Ever,Black,Rain,Pink,No,Rain,Red & Black,Snake,Purple,Orange,114,Green,Rain,Orange,Orange,Orange,Orange,Matching Set,Rain,NA,NA,NA,NA,NA,NA,NA,Yellow,Purple,Pink,Lines,Magenta,Rain,,
5/12/2023,Friday,Philadelphia,USA,Northeast,1,Pink & Blue,Silver,Blurple Sparkles,Pink,Pastel,Short Fringe,Gold & Black,A Lot Going On,Red & Black,Red/Black,Like Ever,Black,Black Sparkles,Pink,No,Purple Metallic,Red & Black,Snake,Cream,Orange,75,Green,Wood Grain,Pink,Pink,Pink,Pink,Matching Set,Blue Ombre,NA,NA,NA,NA,NA,NA,NA,Maroon,Purple,Purple,Swirls,Multicolor,Navy Sparkles,,
5/13/2023,Saturday,Philadelphia,USA,Northeast,2,Blue & Gold,Black,Blurple Sparkles,Blue,Pastel,Long Gold,Gold & Black,Ew,Red & Black,Red/Black,Like Ever,Black,Black Sparkles,Champagne,No,Purple Metallic,Red & Black,Snake,Green,Orange,214,Green,Wood Grain,Orange,Orange,Orange,Orange,Matching Set,Blue Ombre,NA,NA,NA,NA,NA,NA,NA,Yellow,Purple,Pink,Lines,Magenta,Navy Sparkles,,
5/14/2023,Sunday,Philadelphia,USA,Northeast,3,Pink & Blue,Silver,Blurple Sparkles,Purple,Pastel,Short Fringe,Gold & Black,Never Ever,Red & Black,Red/Black,Like Ever,Black,Black Sparkles,Tissue Flower,No,Purple Metallic,Red & Black,Snake,Purple,Orange,97,Green,Wood Grain,Green,Green,Green,Green,Matching Set,Blue Ombre,NA,NA,NA,NA,NA,NA,NA,Green,Purple,Silver,Swirls,Multicolor,Navy Sparkles,,
5/19/2023,Friday,Foxborough,USA,Northeast,1,Pink & Blue,Silver,Blurple Sparkles,Pink,Pastel,Short Fringe,Gold & Black,Never Ever,Red & Black,Red/Black,Like Ever,Black,Black Sparkles,Pink,No,Purple Metallic,Red & Black,Snake,Green,Orange,194,Green,Wood Grain,Orange,Orange,Orange,Orange,Matching Set,Blue Ombre,NA,NA,NA,NA,NA,NA,NA,Yellow,Purple,Silver,Lines,Magenta,Navy Sparkles,,
5/20/2023,Saturday,Foxborough,USA,Northeast,2,Blue & Gold,Black,Rain,Blue,Rain,Long Gold,Rain,A Lot Going On,Rain,Red/Black,Like Ever,Black,Rain,Champagne,No,Rain,Red & Black,Snake,Cream,Orange,154,Green,Rain,Green,Green,Green,Green,Matching Set,Rain,NA,NA,NA,NA,NA,NA,NA,Green,Purple,Pink,Swirls,Multicolor,Rain,,
5/21/2023,Sunday,Foxborough,USA,Northeast,3,Pink & Blue,Silver,Blurple Sparkles,Purple,Pastel,Short Fringe,Gold & Black,Ew,Red & Black,Red/Black,Like Ever,Black,Black Sparkles,Tissue Flower,No,Purple Metallic,Red & Black,Snake,Pink,Orange,216,Green,Wood Grain,Pink,Pink,Pink,Pink,Matching Set,Blue Ombre,NA,NA,NA,NA,NA,NA,NA,Maroon,Purple,Purple,Lines,Magenta,Navy Sparkles,,
5/26/2023,Friday,East Rutherford,USA,Northeast,1,Purple Tassels,Silver,Blurple Sparkles,Pink,Pastel,Short Fringe,Gold & Black,Never Ever,Red & Black,Red/Black,Like Ever,Black,Black Sparkles,White/Silver,No,Purple Metallic,Red & Black,Snake,Cream,Bronze,170,Green,Wood Grain,Pink,Pink,Pink,Pink,Matching Set,Blue Ombre,NA,NA,NA,NA,NA,NA,NA,Maroon,Purple,Silver,Lines,None,Navy Sparkles,,
5/27/2023,Saturday,East Rutherford,USA,Northeast,2,Pink & Blue,Silver,Blurple Sparkles,Blue,Pastel,Long Silver,Gold & Black,A Lot Going On,Red & Black,Red/Black,Like Ever,Black,Black Sparkles,Pink,No,Purple Metallic,Red & Black,Snake,Green,Orange,233,Green,Wood Grain,Green,Green,Green,Green,Matching Set,Blue Ombre,NA,NA,NA,NA,NA,NA,NA,Green,Purple,Iridescent,Swirls,None,Navy Sparkles,,
5/28/2023,Sunday,East Rutherford,USA,Northeast,3,Blue & Gold,Black,Blurple Sparkles,Purple,Pastel,Long Silver,Gold & Black,Ew,Red & Black,Red/Black,Like Ever,Black,Black Sparkles,Tissue Flower,No,Blue Metallic,Red & Black,Snake,Purple,Bronze,134,Green,Wood Grain,Orange,Orange,Orange,Orange,Matching Set,Blue Ombre,NA,NA,NA,NA,NA,NA,NA,Yellow,Purple,Purple,Lines,None,Navy Sparkles,,
6/2/2023,Friday,Chicago,USA,Midwest,1,Pink & Blue,Silver,Blurple Sparkles,Pink,Pastel,Short Fringe,Gold & Black,Ew,Red & Black,Red/Black,Like Ever,Black,Black Sparkles,Champagne,No,Purple Metallic,Red & Black,Snake,Green,Orange,161,Green,Wood Grain,Pink,Pink,Pink,Pink,Matching Set,Blue Ombre,NA,NA,NA,NA,NA,NA,NA,Maroon,Purple,Iridescent,Lines,Multicolor,Navy Sparkles,,
6/3/2023,Saturday,Chicago,USA,Midwest,2,Purple Tassels,Silver,Blurple Sparkles,Blue,Pastel,Long Silver,Gold & Black,A Lot Going On,Red & Black,Red/Black,Like Ever,Black,Black Sparkles,Pink,No,Purple Metallic,Red & Black,Snake,Cream,Orange,102,Green,Wood Grain,Green,Green,Green,Green,Matching Set,Blue Ombre,NA,NA,NA,NA,NA,NA,NA,Green,Purple,Silver,Swirls,Magenta,Navy Sparkles,,
6/4/2023,Sunday,Chicago,USA,Midwest,3,Blue & Gold,Black,Blurple Sparkles,Purple,Rain,Long Gold,Gold & Black,Never Ever,Red & Black,Red/Black,Like Ever,Black,Black Sparkles,Tissue Flower,No,Purple Metallic,Red & Black,Snake,Pink,Orange,118,Green,Wood Grain,Orange,Orange,Orange,Orange,Matching Set,Blue Ombre,NA,NA,NA,NA,NA,NA,NA,Yellow,Purple,Pink,Lines,Multicolor,Navy Sparkles,,
6/9/2023,Friday,Detroit,USA,Midwest,1,Pink & Blue,Silver,Blurple Sparkles,Pink,Pastel,Short Fringe,Gold & Black,A Lot Going On,Red & Black,Red/Black,Like Ever,Black,Black Sparkles,Champagne,No,Purple Metallic,Red & Black,Snake,Green,Orange,77,Green,Wood Grain,Pink,Pink,Pink,Pink,Matching Set,Blue Ombre,NA,NA,NA,NA,NA,NA,NA,Maroon,Purple,Iridescent,Lines,Multicolor,Navy Sparkles,,
6/10/2023,Saturday,Detroit,USA,Midwest,2,Blue & Gold,Black,Blurple Sparkles,Blue,Pastel,Long Silver,Gold & Black,Ew,Red & Black,Red/Black,Like Ever,Black,Black Sparkles,Pink,No,Purple Metallic,Red & Black,Snake,Cream,Orange,109,Green,Wood Grain,Orange,Orange,Orange,Orange,Matching Set,Blue Ombre,NA,NA,NA,NA,NA,NA,NA,Yellow,Purple,Silver,Swirls,Magenta,Navy Sparkles,,
6/16/2023,Friday,Pittsburgh,USA,Northeast,1,Pink & Blue,Silver,Blurple Sparkles,Pink,Pastel,Long Silver,Gold & Black,Never Ever,Red & Black,Red/Black,Like Ever,Black,Black Sparkles,Champagne,No,Purple Metallic,Red & Black,Snake,Green,Orange,113,Green,Wood Grain,Orange,Orange,Orange,Orange,Matching Set,Blue Ombre,NA,NA,NA,NA,NA,NA,NA,Yellow,Purple,Iridescent,Lines,Magenta,Navy Sparkles,,
6/17/2023,Saturday,Pittsburgh,USA,Northeast,2,Blue & Gold,Black,Blurple Sparkles,Blue,Pastel,Short Fringe,Gold & Black,Ew,Red & Black,Red/Black,Like Ever,Black,Black Sparkles,Pink,No,Purple Metallic,Red & Black,Snake,Cream,Orange,105,Green,Wood Grain,Pink,Pink,Pink,Pink,Matching Set,Blue Ombre,NA,NA,NA,NA,NA,NA,NA,Maroon,Purple,Silver,Swirls,Multicolor,Navy Sparkles,,
6/23/2023,Friday,Minneapolis,USA,Midwest,1,Blue & Gold,Black,Blurple Sparkles,Pink,Pastel,Short Fringe,Gold & Black,Ew,Red & Black,Red/Black,Like Ever,Black,Black Sparkles,Champagne,No,Purple Metallic,Red & Black,Snake,Purple,Orange,85,Green,Wood Grain,Green,Green,Green,Green,Matching Set,Blue Ombre,NA,NA,NA,NA,NA,NA,NA,Green,Purple,Pink,Swirls,Multicolor,Navy Sparkles,,
6/24/2023,Saturday,Minneapolis,USA,Midwest,2,Purple Tassels,Silver,Blurple Sparkles,Purple,Pastel,Long Silver,Gold & Black,A Lot Going On,Red & Black,Red/Black,Like Ever,Black,Black Sparkles,Pink,No,Purple Metallic,Red & Black,Snake,Pink,Orange,136,Green,Wood Grain,Pink,Pink,Pink,Pink,Matching Set,Blue Ombre,NA,NA,NA,NA,NA,NA,NA,Maroon,Purple,Iridescent,Lines,Magenta,Navy Sparkles,,
6/30/2023,Friday,Cincinnati,USA,Midwest,1,Pink & Blue,Silver,Blurple Sparkles,Pink,Pastel,Short Fringe,Gold & Black,A Lot Going On,Red & Black,Red/Black,Like Ever,Black,Black Sparkles,White/Silver,No,Purple Metallic,Red & Black,Snake,Cream,Orange,77,Green,Wood Grain,Pink,Pink,Pink,Pink,Matching Set,Blue Ombre,NA,NA,NA,NA,NA,NA,NA,Maroon,Purple,Iridescent,Swirls,Magenta,Navy Sparkles,,
7/1/2023,Saturday,Cincinnati,USA,Midwest,2,Blue & Gold,Black,Rain,Blue,Rain,Long Silver,Rain,Ew,Rain,Red/Black,Like Ever,Black,Rain,Pink,No,Rain,Red & Black,Snake,Green,Orange,56,Green,Rain,Orange,Orange,Orange,Orange,Matching Set,Rain,NA,NA,NA,NA,NA,NA,NA,Yellow,Purple,Silver,Lines,Multicolor,Rain,,
7/7/2023,Friday,Kansas City,USA,Midwest,1,Purple Tassels,Silver,Blurple Sparkles,Purple,Pastel,Long Gold,Gold & Black,Never Ever,Red & Black,Red/Black,Like Ever,Black,Black Sparkles,Purple,Yes,Purple Metallic,Red & Black,Snake,Purple,Orange,74,Green,Wood Grain,Orange,Orange,Orange,Orange,Matching Set,Blue Ombre,NA,NA,NA,NA,NA,NA,NA,Yellow,Purple,Orchid,Swirls,Multicolor,Navy Sparkles,,
7/8/2023,Saturday,Kansas City,USA,Midwest,2,Pink & Blue,Silver,Blurple Sparkles,Blue,Pastel,Short Fringe,Gold & Black,A Lot Going On,Red & Black,Red/Black,Like Ever,Black,Black Sparkles,Purple,Yes,Purple Metallic,Red & Black,Snake,Green,Orange,103,Green,Wood Grain,Pink,Pink,Pink,Pink,Matching Set,Blue Ombre,NA,NA,NA,NA,NA,NA,NA,Maroon,Purple,Purple,Lines,Multicolor,Navy Sparkles,,
7/14/2023,Friday,Denver,USA,West,1,Blue & Gold,Black,Blurple Sparkles,Blue,Pastel,Long Silver,Gold & Black,A Lot Going On,Red & Black,Red/Black,Like Ever,Black,Black Sparkles,Pink,Yes,Purple Metallic,Red & Black,Snake,Pink,Orange,100,Green,Wood Grain,Green,Green,Green,Green,Matching Set,Blue Ombre,NA,NA,NA,NA,NA,NA,NA,Green,Purple,Iridescent,Lines,Blue,Navy Sparkles,,
7/15/2023,Saturday,Denver,USA,West,2,Pink & Blue,Silver,Blurple Sparkles,Pink,Pastel,Short Fringe,Gold & Black,Ew,Red & Black,Red/Black,Like Ever,Black,Black Sparkles,Champagne,Yes,Purple Metallic,Red & Black,Snake,Cream,Orange,86,Green,Wood Grain,Pink,Pink,Pink,Pink,Matching Set,Blue Ombre,NA,NA,NA,NA,NA,NA,NA,Maroon,Purple,Silver,Swirls,Multicolor,Navy Sparkles,,
7/22/2023,Saturday,Seattle,USA,West,1,Pink & Blue,Silver,Blurple Sparkles,Pink,Pastel,Long Silver,Gold & Black,Ew,Red & Black,Red/Black,Like Ever,Black,Black Sparkles,Champagne,Yes,Purple Metallic,Red & Black,Snake,Cream,Bronze,100,Green,Wood Grain,Pink,Pink,Pink,Pink,Matching Set,Blue Ombre,NA,NA,NA,NA,NA,NA,NA,Maroon,Purple,Iridescent,Swirls,Magenta,Navy Sparkles,,
7/23/2023,Sunday,Seattle,USA,West,2,Blue & Gold,Black,Blurple Sparkles,Blue,Pastel,Short Fringe,Gold & Black,A Lot Going On,Red & Black,Red/Black,Like Ever,Black,Black Sparkles,Pink,Yes,Purple Metallic,Red & Black,Snake,Green,Orange,87,Green,Wood Grain,Orange,Orange,Orange,Orange,Matching Set,Blue Ombre,NA,NA,NA,NA,NA,NA,NA,Yellow,Purple,Silver,Lines,Blue,Navy Sparkles,,
7/28/2023,Friday,Santa Clara,USA,West,1,Pink & Blue,Black,Blurple Sparkles,Pink,Pastel,Long Silver,Gold & Black,A Lot Going On,Red & Black,Red/Black,Like Ever,Black,Black Sparkles,Purple,Yes,Purple Metallic,Red & Black,Snake,Pink,Orange,241,Green,Wood Grain,Orange,Orange,Orange,Orange,Matching Set,Blue Ombre,NA,NA,NA,NA,NA,NA,NA,Yellow,Purple,Iridescent,Swirls,Magenta,Navy Sparkles,,
7/29/2023,Saturday,Santa Clara,USA,West,2,Blue & Gold,Black,Blurple Sparkles,Blue,Pastel,Short Fringe,Gold & Black,Ew,Red & Black,Red/Black,Like Ever,Black,Black Sparkles,Purple,Yes,Purple Metallic,Red & Black,Snake,Cream,Bronze,186,Green,Wood Grain,Pink,Pink,Pink,Pink,Matching Set,Blue Ombre,NA,NA,NA,NA,NA,NA,NA,Maroon,Purple,Orchid,Lines,Blue,Navy Sparkles,,
8/3/2023,Thursday,Los Angeles,USA,West,1,Pink & Blue,Silver,Blurple Sparkles,Pink,Pastel,Short Fringe,Gold & Black,A Lot Going On,Red & Black,Red/Black,Like Ever,Black,Black Sparkles,Purple,Yes,Purple Metallic,Red & Black,Snake,Cream,Orange,122,Green,Wood Grain,Pink,Pink,Pink,Pink,Matching Set,Blue Ombre,NA,NA,NA,NA,NA,NA,NA,Maroon,Purple,Iridescent,Swirls,Blue,Navy Sparkles,,
8/4/2023,Friday,Los Angeles,USA,West,2,Pink & Blue,Silver,Blurple Sparkles,Purple,Pastel,Short Fringe,Gold & Black,A Lot Going On,Red & Black,Red/Black,Like Ever,Black,Black Sparkles,Purple,Yes,Purple Metallic,Red & Black,Snake,Cream,Orange,124,Green,Wood Grain,Pink,Pink,Pink,Pink,Matching Set,Blue Ombre,NA,NA,NA,NA,NA,NA,NA,Maroon,Purple,Iridescent,Swirls,Blue,Navy Sparkles,,
8/5/2023,Saturday,Los Angeles,USA,West,3,Pink & Blue,Silver,Blurple Sparkles,Blue,Pastel,Short Fringe,Gold & Black,A Lot Going On,Red & Black,Red/Black,Like Ever,Black,Black Sparkles,Purple,Yes,Purple Metallic,Red & Black,Snake,Cream,Orange,118,Green,Wood Grain,Pink,Pink,Pink,Pink,Matching Set,Blue Ombre,NA,NA,NA,NA,NA,NA,NA,Maroon,Purple,Iridescent,Swirls,Blue,Navy Sparkles,,
8/7/2023,Monday,Los Angeles,USA,West,4,Blue & Gold,Black,Blurple Sparkles,Blue,Pastel,Long Silver,Gold & Black,Ew,Red & Black,Red/Black,Like Ever,Black,Black Sparkles,Champagne,Yes,Purple Metallic,Red & Black,Snake,Purple,Bronze,61,Green,Wood Grain,Orange,Orange,Orange,Orange,Matching Set,Blue Ombre,NA,NA,NA,NA,NA,NA,NA,Yellow,Purple,Orchid,Lines,Magenta,Navy Sparkles,,
8/8/2023,Tuesday,Los Angeles,USA,West,5,Purple Tassels,Indigo,Blurple Sparkles,Purple,Pastel,Long Gold,Gold & Black,Never Ever,Red & Black,Red/Black,Like Ever,Black,Black Sparkles,Purple,Yes,Purple Metallic,Red & Black,Snake,Green,Orange,463,Green,Wood Grain,Green,Green,Green,Green,Matching Set,Blue Ombre,NA,NA,NA,NA,NA,NA,NA,Green,Purple,Silver,Cutout,Blue,Navy Sparkles,,
8/9/2023,Wednesday,Los Angeles,USA,West,6,Pink & Blue,Silver,Blurple Sparkles,Pink,Pastel,Short Fringe,Gold & Black,A Lot Going On,Red & Black,Red/Black,Like Ever,Black,Black Sparkles,Blue,Yes,Purple Metallic,Red & Black,Snake,Blue,Orange,406,Green,Wood Grain,Blue,Blue,Blue,Blue,Matching Set,Blue Ombre,NA,NA,NA,NA,NA,NA,NA,Blue,Purple,Blue,Cutout,Blue,Navy Sparkles,,
8/24/2023,Thursday,Mexico City,Mexico,Latin America,1,Pink & Blue,Silver,Blurple Sparkles,Pink,Pastel,Short Fringe,Gold & Black,A Lot Going On,Red & Black,Red/Black,Like Nunca,Black,Black Sparkles,Purple,Yes,Purple Metallic,Red & Black,Snake,Cream,Orange,159,Green,Wood Grain,Blue,Blue,Blue,Blue,Matching Set,Blue Ombre,NA,NA,NA,NA,NA,NA,NA,Blue,Purple,Iridescent,Swirls,Blue,Navy Sparkles,,
8/25/2023,Friday,Mexico City,Mexico,Latin America,2,Blue & Gold,Black,Blurple Sparkles,Blue,Pastel,Long Silver,Gold & Black,Ew,Red & Black,Red/Black,Like Nunca,Black,Black Sparkles,Blue,Yes,Purple Metallic,Red & Black,Snake,Green,Bronze,115,Green,Wood Grain,Pink,Pink,Pink,Pink,Matching Set,Blue Ombre,NA,NA,NA,NA,NA,NA,NA,Maroon,Purple,Orchid,Cutout,Magenta,Navy Sparkles,,
8/26/2023,Saturday,Mexico City,Mexico,Latin America,3,Purple Tassels,Indigo,Blurple Sparkles,Purple,Pastel,Long Gold,Gold & Black,Never Ever,Red & Black,Red/Black,Like Nunca,Black,Black Sparkles,Champagne,Yes,Purple Metallic,Red & Black,Snake,Blue,Orange,122,Green,Wood Grain,Green,Green,Green,Green,Matching Set,Blue Ombre,NA,NA,NA,NA,NA,NA,NA,Green,Purple,Purple,Lines,Multicolor,Navy Sparkles,,
8/27/2023,Sunday,Mexico City,Mexico,Latin America,4,Pink & Blue,Silver,Blurple Sparkles,Pink,Pastel,Short Fringe,Gold & Black,A Lot Going On,Red & Black,Red/Black,Like Nunca,Black,Black Sparkles,Purple,Yes,Purple Metallic,Red & Black,Snake,Pink,Orange,108,Green,Wood Grain,Orange,Orange,Orange,Orange,Matching Set,Blue Ombre,NA,NA,NA,NA,NA,NA,NA,Yellow,Purple,Pink,Swirls,Blue,Navy Sparkles,,
11/9/2023,Thursday,Buenos Aires,Argentina,Latin America,1,All Pink,Hot Pink,Blurple Sparkles,Pink,Pastel,Long Gold,Gold & Black,Never Ever,Red & Black,Red/Black,Ni En Pedo,Black,Black Sparkles,Purple,Yes,Purple Metallic,Red & Black,Snake,Green,Orange,146,Green,Wood Grain,Blue,Blue,Blue,Blue,Matching Set,Blue Ombre,NA,NA,NA,NA,NA,NA,NA,Blue,Purple,Iridescent,Lines,Blue,Navy Sparkles,,
11/11/2023,Saturday,Buenos Aires,Argentina,Latin America,2,Pink & Blue,Silver,Blurple Sparkles,Pink,Pastel,Short Fringe,Gold & Black,A Lot Going On,Red & Black,Red/Black,Ni En Pedo,Black,Black Sparkles,Champagne,Yes,Purple Metallic,Red & Black,Snake,Blue,Orange,53,Green,Wood Grain,Pink,Pink,Pink,Pink,Matching Set,Blue Ombre,NA,NA,NA,NA,NA,NA,NA,Maroon,Purple,Orchid,Swirls,Magenta,Navy Sparkles,,
11/12/2023,Sunday,Buenos Aires,Argentina,Latin America,3,Blue & Gold,Black,Blurple Sparkles,Blue,Pastel,Long Silver,Gold & Black,Ew,Red & Black,Red/Black,Ni A Palos,Black,Black Sparkles,Blue,Yes,Purple Metallic,Red & Black,Snake,Cream,Orange,147,Green,Wood Grain,Orange,Orange,Orange,Orange,Matching Set,Blue Ombre,NA,NA,NA,NA,NA,NA,NA,Yellow,Purple,Iridescent,Cutout,Blue,Navy Sparkles,,
11/17/2023,Friday,Rio de Janeiro,Brazil,Latin America,1,All Pink,Hot Pink,Blurple Sparkles,Pink,Pastel,Long Silver,Gold & Black,Ew,Red & Black,Red/Black,Like Nem Fodendo,Black,Black Sparkles,Blue,Yes,Purple Metallic,Red & Black,Snake,Green,Orange,31,Green,Wood Grain,Orange,Orange,Orange,Orange,Matching Set,Blue Ombre,NA,NA,NA,NA,NA,NA,NA,Yellow,Purple,Blue,Cutout,Magenta,Navy Sparkles,,
11/19/2023,Sunday,Rio de Janeiro,Brazil,Latin America,2,Pink & Blue,Silver,Rain,Pink,Rain,Short Fringe,Rain,A Lot Going On,Rain,Red/Black,Like Nem Fodendo,Black,Rain,Champagne,Yes,Rain,Red & Black,Rain,Pink,Bronze,118,Green,Rain,Blue,Blue,Blue,Blue,Matching Set,Rain,NA,NA,NA,NA,NA,NA,NA,Blue,Purple,Pink,Swirls,Magenta,Rain,,
11/20/2023,Monday,Rio de Janeiro,Brazil,Latin America,3,Purple Tassels,Indigo,Blurple Sparkles,Purple,Pastel,Long Gold,Gold & Black,Never Ever,Red & Black,Red/Black,Like Nem Fodendo,Black,Black Sparkles,Purple,Yes,Purple Metallic,Red & Black,Snake,Cream,Orange,17,Green,Wood Grain,Green,Green,Green,Green,Matching Set,Blue Ombre,NA,NA,NA,NA,NA,NA,NA,Green,Purple,Orchid,Cutout,Blue,Navy Sparkles,,
11/24/2023,Friday,Sao Paulo,Brazil,Latin America,1,Pink & Blue,Silver,Blurple Sparkles,Pink,Pastel,Long Silver,Gold & Black,Ew,Red & Black,Red/Black,Like Nem Fodendo,Black,Black Sparkles,Champagne,Yes,Purple Metallic,Red & Black,Snake,Purple,Orange,82,Green,Wood Grain,Blue,Blue,Blue,Blue,Matching Set,Blue Ombre,NA,NA,NA,NA,NA,NA,NA,Blue,Purple,Orchid,Cutout,Multicolor,Navy Sparkles,,
11/25/2023,Saturday,Sao Paulo,Brazil,Latin America,2,Blue & Gold,Black,Blurple Sparkles,Blue,Pastel,Short Fringe,Gold & Black,A Lot Going On,Red & Black,Red/Black,Like Nem Fodendo,Black,Black Sparkles,Pink,Yes,Purple Metallic,Red & Black,Snake,Blue,Orange,103,Green,Wood Grain,Orange,Orange,Orange,Orange,Matching Set,Blue Ombre,NA,NA,NA,NA,NA,NA,NA,Yellow,Purple,Iridescent,Swirls,Magenta,Navy Sparkles,,
11/26/2023,Sunday,Sao Paulo,Brazil,Latin America,3,All Pink,Hot Pink,Blurple Sparkles,Pink,Pastel,Long Gold,Gold & Black,Never Ever,Red & Black,Red/Black,Like Nem Fodendo,Black,Black Sparkles,Purple,Yes,Purple Metallic,Red & Black,Snake,Cream,Bronze,78,Green,Wood Grain,Green,Green,Green,Green,Matching Set,Blue Ombre,NA,NA,NA,NA,NA,NA,NA,Green,Purple,Blue,Cutout,Blue,Navy Sparkles,,
2/7/2024,Wednesday,Tokyo,Japan,Asia,1,Pink & Blue,Silver,Blurple Sparkles,Pink,Pastel,Short Fringe,Gold & Black,Ew,Red & Black,Red/Black,Arieni,Black,Black Sparkles,Purple,Yes,Purple Metallic,Red & Black,Snake,Cream,Orange,43,Green,Wood Grain,Blue,Blue,Blue,Blue,Matching Set,Blue Ombre,NA,NA,NA,NA,NA,NA,NA,Blue,Purple,Orchid,Swirls,Blue,Navy Sparkles,,
2/8/2024,Thursday,Tokyo,Japan,Asia,2,Blue & Gold,Black,Blurple Sparkles,Blue,Pastel,Long Silver,Gold & Black,A Lot Going On,Red & Black,Red/Black,Zetta Nai,Black,Black Sparkles,Champagne,Yes,Purple Metallic,Red & Black,Snake,Green,Bronze,57,Green,Wood Grain,Orange,Orange,Orange,Orange,Matching Set,Blue Ombre,NA,NA,NA,NA,NA,NA,NA,Yellow,Purple,Iridescent,Swirls,Magenta,Navy Sparkles,,
2/9/2024,Friday,Tokyo,Japan,Asia,3,Purple Tassels,Indigo,Blurple Sparkles,Purple,Pastel,Long Gold,Gold & Black,Never Ever,Red & Black,Red/Black,Maji Muri,Black,Black Sparkles,Pink,Yes,Purple Metallic,Red & Black,Snake,Pink,Orange,43,Green,Wood Grain,Pink,Pink,Pink,Pink,Matching Set,Blue Ombre,NA,NA,NA,NA,NA,NA,NA,Maroon,Purple,Purple,Lines,Multicolor,Navy Sparkles,,
2/10/2024,Saturday,Tokyo,Japan,Asia,4,All Pink,Hot Pink,Blurple Sparkles,Pink,Pastel,Short Fringe,Gold & Black,A Lot Going On,Red & Black,Red/Black,Zettai Ni Nai,Black,Black Sparkles,Blue,Yes,Purple Metallic,Red & Black,Snake,Blue,Orange,59,Green,Wood Grain,Green,Green,Green,Green,Matching Set,Blue Ombre,NA,NA,NA,NA,NA,NA,NA,Green,Purple,Blue,Cutout,Blue,Navy Sparkles,,
2/16/2024,Friday,Melbourne,Australia,Australia,1,Pink & Blue,Silver,Blurple Sparkles,Pink,Pastel,Short Fringe,Gold & Black,A Lot Going On,Red & Black,Red/Black,Yeah Nah,Black,Black Sparkles,Purple,Yes,Purple Metallic,Red & Black,Snake,Green,Orange,153,Green,Wood Grain,Orange,Orange,Orange,Orange,Matching Set,Blue Ombre,NA,NA,NA,NA,NA,NA,NA,Yellow,Purple,Orchid,Cutout,Blue,Navy Sparkles,,
2/17/2024,Saturday,Melbourne,Australia,Australia,2,Blue & Gold,Black,Blurple Sparkles,Blue,Pastel,Long Silver,Gold & Black,Never Ever,Red & Black,Red/Black,Like Naur,Black,Black Sparkles,Champagne,Yes,Purple Metallic,Red & Black,Snake,Cream,Bronze,135,Green,Wood Grain,Pink,Pink,Pink,Pink,Matching Set,Blue Ombre,NA,NA,NA,NA,NA,NA,NA,Maroon,Purple,Iridescent,Cutout,Multicolor,Navy Sparkles,,
2/18/2024,Sunday,Melbourne,Australia,Australia,3,All Pink,Hot Pink,Blurple Sparkles,Pink,Pastel,Long Gold,Gold & Black,Ew,Red & Black,Red/Black,Nah Mate,Black,Black Sparkles,Blue,Yes,Purple Metallic,Red & Black,Snake,Purple,Orange,152,Green,Wood Grain,Blue,Blue,Blue,Blue,Matching Set,Blue Ombre,NA,NA,NA,NA,NA,NA,NA,Blue,Purple,Silver,Cutout,Magenta,Navy Sparkles,,
2/23/2024,Friday,Sydney,Australia,Australia,1,Blue & Gold,Black,Blurple Sparkles,Blue,Pastel,Short Fringe,Gold & Black,A Lot Going On,Red & Black,Red/Black,Yeah Nahhh,Black,Black Sparkles,Blue,Yes,Purple Metallic,Red & Black,Snake,Cream,Orange,134,Green,Wood Grain,Pink,Pink,Pink,Pink,Matching Set,Blue Ombre,NA,NA,NA,NA,NA,NA,NA,Maroon,Purple,Orchid,Cutout,Blue,Navy Sparkles,,
2/24/2024,Saturday,Sydney,Australia,Australia,2,Pink & Blue,Silver,Blurple Sparkles,Pink,Pastel,Long Silver,Gold & Black,Ew,Red & Black,Red/Black,Tell Him He's Dreaming,Black,Black Sparkles,Purple,Yes,Purple Metallic,Red & Black,Snake,Pink,Bronze,154,Green,Wood Grain,Blue,Blue,Blue,Blue,Matching Set,Blue Ombre,NA,NA,NA,NA,NA,NA,NA,Blue,Purple,Iridescent,Cutout,Magenta,Navy Sparkles,,
2/25/2024,Sunday,Sydney,Australia,Australia,3,Purple Tassels,Indigo,Blurple Sparkles,Purple,Pastel,Long Gold,Gold & Black,Never Ever,Red & Black,Red/Black,Bugger Off,Black,Black Sparkles,Pink,Yes,Purple Metallic,Red & Black,Snake,Purple,Orange,164,Green,Wood Grain,Orange,Orange,Orange,Orange,Matching Set,Blue Ombre,NA,NA,NA,NA,NA,NA,NA,Yellow,Purple,Silver,Cutout,Multicolor,Navy Sparkles,,
2/26/2024,Monday,Sydney,Australia,Australia,4,All Pink,Hot Pink,Blurple Sparkles,Pink,Pastel,Short Fringe,Gold & Black,A Lot Going On,Red & Black,Red/Black,Rack Off Mate,Black,Black Sparkles,Champagne,Yes,Purple Metallic,Red & Black,Snake,Blue,Bronze,96,Green,Wood Grain,Green,Green,Green,Green,Matching Set,Blue Ombre,NA,NA,NA,NA,NA,NA,NA,Green,Purple,Blue,Cutout,Blue,Navy Sparkles,,
3/2/2024,Saturday,Singapore,Singapore,Asia,1,Pink & Blue,Silver,Blurple Sparkles,Pink,Pastel,Long Silver,Gold & Black,Ew,Red & Black,Red/Black,No Lah,Black,Black Sparkles,Purple,Yes,Purple Metallic,Red & Black,Snake,Cream,Orange,50,Green,Wood Grain,Orange,Orange,Orange,Orange,Matching Set,Blue Ombre,NA,NA,NA,NA,NA,NA,NA,Yellow,Purple,Orchid,Cutout,Magenta,Navy Sparkles,,
3/3/2024,Sunday,Singapore,Singapore,Asia,2,Blue & Gold,Black,Blurple Sparkles,Blue,Pastel,Short Fringe,Gold & Black,A Lot Going On,Red & Black,Red/Black,Siao Ah,Black,Black Sparkles,Champagne,Yes,Purple Metallic,Red & Black,Snake,Pink,Bronze,132,Green,Wood Grain,Green,Green,Green,Green,Matching Set,Blue Ombre,NA,NA,NA,NA,NA,NA,NA,Green,Purple,Blue,Cutout,Multicolor,Navy Sparkles,,
3/4/2024,Monday,Singapore,Singapore,Asia,3,Purple Tassels,Indigo,Blurple Sparkles,Purple,Pastel,Long Gold,Gold & Black,Never Ever,Red & Black,Red/Black,Walao Eh,Black,Black Sparkles,Pink,Yes,Purple Metallic,Red & Black,Snake,Blue,Orange,60,Green,Wood Grain,Pink,Pink,Pink,Pink,Matching Set,Blue Ombre,NA,NA,NA,NA,NA,NA,NA,Maroon,Purple,Iridescent,Cutout,Blue,Navy Sparkles,,
3/7/2024,Thursday,Singapore,Singapore,Asia,4,Blue & Gold,Black,Blurple Sparkles,Blue,Pastel,Long Gold,Gold & Black,Never Ever,Red & Black,Red/Black,Alamak,Black,Black Sparkles,Champagne,Yes,Purple Metallic,Red & Black,Snake,Cream,Orange,134,Green,Wood Grain,Pink,Pink,Pink,Pink,Matching Set,Blue Ombre,NA,NA,NA,NA,NA,NA,NA,Maroon,Purple,Blue,Cutout,Multicolor,Navy Sparkles,,
3/8/2024,Friday,Singapore,Singapore,Asia,5,All Pink,Hot Pink,Blurple Sparkles,Pink,Pastel,Long Silver,Gold & Black,A Lot Going On,Red & Black,Red/Black,Wah Piang Eh,Black,Black Sparkles,Pink,Yes,Purple Metallic,Red & Black,Snake,Pink,Orange,136,Green,Wood Grain,Orange,Orange,Orange,Orange,Matching Set,Blue Ombre,NA,NA,NA,NA,NA,NA,NA,Yellow,Purple,Iridescent,Cutout,Magenta,Navy Sparkles,,
3/9/2024,Saturday,Singapore,Singapore,Asia,6,Pink & Blue,Silver,Blurple Sparkles,Pink,Pastel,Short Fringe,Gold & Black,Ew,Red & Black,Red/Black,Hannor Abuden,Black,Black Sparkles,Purple,Yes,Purple Metallic,Red & Black,Snake,Cream,Orange,119,Green,Wood Grain,Blue,Blue,Blue,Blue,Matching Set,Blue Ombre,NA,NA,NA,NA,NA,NA,NA,Blue,Purple,Orchid,Cutout,Blue,Navy Sparkles,,
5/9/24,Thursday,Paris,France,Europe,1,Pink & Orange,Orange,Blurple Sparkles,Pink,Pastel,Silver/Black/Gold,Gold & Black,Taylor's Version,Red & Black,Red/Black 2.0,Genre Jamais,Black,Black Sparkles,Swirls,No,Purple Metallic,Red & Black,Snake,Yellow,Yellow,105,Eggplant,Wood Grain,Pink,Blue,Pink,Blue,"Top-Left, Skirt-Right",Blue Ombre,I Love You,None,Black & Gold,White,Black,Gold-Black Trim,Gold,Pink,Purple,Orchid,Chevron,Blue,Navy Sparkles,,
5/10/24,Friday,Paris,France,Europe,2,Pink & Blue,Silver,Pastel,Pink,Pastel,Short Fringe,Gold & Black,I Bet You Think,Red & Black,Red/Black 2.0,Je Crois Pas Nan,Black,Black Sparkles,Purple,No,Purple Metallic,Red & Black,Snake,Berry,Berry,81,Eggplant,Wood Grain,Orange,Purple,Purple,Orange,"Skirt-Left, Top-Right",Purple Metallic,I Love You,None,Pearl,White,White-Silver,White-Silver Trim,Gold,New Blue,Purple,Silver,Cutout,Magenta,Navy Sparkles,,
5/11/24,Saturday,Paris,France,Europe,3,Blue & Gold,Black,Pastel,Blue,Pastel,Long Silver,Gold & Black,A Lot Going On,Red & Black,Red/Black 2.0,Dans Tes Rêves,Black,Black Sparkles,Champagne,No,Purple Metallic,Red & Black,Snake,Pink,Pink,113,Eggplant,Wood Grain,Green,Pink,Pink,Green,"Skirt-Left, Top-Right",Purple Metallic,I Love You,None,Black & Silver,White,Graphite,Graphite-Black Trim,Gold,Orange,Purple,Blue,Swirls,Multicolor,Navy Sparkles,,
5/12/24,Sunday,Paris,France,Europe,4,Pink & Orange,Orange,Pastel,Pink,Pastel,Silver/Black/Gold,Gold & Black,Trouble,Red & Black,Red/Black 2.0,C'Est Mort,Black,Black Sparkles,Swirls,No,Purple Metallic,Red & Black,Snake,Berry,Berry,135,Eggplant,Wood Grain,Yellow,Orange,Yellow,Orange,"Top-Left, Skirt-Right",Purple Metallic,I Love You,None,Pearl,White,White-Silver,Silver-Black Trim,Gold,New Blue,Purple,Iridescent,Chevron,Blue,Navy Sparkles,,
5/17/24,Friday,Stockholm,Sweden,Europe,1,Pink & Blue,Silver,Blurple Sparkles,Pink,Pastel,Silver/Black/Gold,Gold & Black,Trouble,Red & Black,Red/Black 2.0,Alltså Aldrig,Black,Black Sparkles,Blue,No,Purple Metallic,Red & Black,Snake,Yellow,Yellow,124,Eggplant,Wood Grain,Yellow,Blue,Yellow,Blue,"Top-Left, Skirt-Right",Blue Ombre,I Love You,None,Black & Silver,White,Black,Gold-Black Trim,Gold,Pink,Purple,Silver,Chevron,Multicolor,Navy Sparkles,,
5/18/24,Saturday,Stockholm,Sweden,Europe,2,Purple Tassels,Indigo,Blurple Sparkles,Purple,Pastel,Short Fringe,Gold & Black,A Lot Going On,Red & Black,Red/Black 2.0,Dröm Vidare,Black,Black Sparkles,Swirls,No,Purple Metallic,Red & Black,Snake,Blue,Blue,112,Eggplant,Wood Grain,Pink,Orange,Pink,Orange,"Top-Left, Skirt-Right",Purple Metallic,I Love You,None,Pearl,White,White-Silver,White-Silver Trim,Gold,Orange,Purple,Purple,Swirls,Magenta,Navy Sparkles,,
5/19/24,Sunday,Stockholm,Sweden,Europe,3,Pink & Orange,Orange,Blurple Sparkles,Pink,Pastel,Silver/Black/Gold,Gold & Black,Never Ever,Red & Black,Red/Black 2.0,Han Kan Dra,Black,Black Sparkles,Champagne,No,Purple Metallic,Red & Black,Snake,Green,Green,119,Eggplant,Wood Grain,Blue,Yellow,Yellow,Blue,"Skirt-Left, Top-Right",Blue Ombre,I Love You,None,Black & Gold,White,Gold & Black,Gold-Black Trim,Gold,New Blue,Purple,Pink,Chevron,Blue,Navy Sparkles,,
5/24/24,Friday,Lisbon,Portugal,Europe,1,Pink & Blue,Silver,Blurple Sparkles,Pink,Pastel,Short Fringe,Gold & Black,I Bet You Think,Red & Black,Red/Black 2.0,Nunca Mais,Black,Black Sparkles,Purple,No,Purple Metallic,Red & Black,Snake,Cream,Cream,147,Eggplant,Wood Grain,Purple,Blue,Purple,Blue,"Top-Left, Skirt-Right",Blue Ombre,I Love You,None,Black & Silver,White,Graphite,Graphite-Black Trim,Gold,Orange,Purple,Orchid,Chevron,Blue,Navy Sparkles,,
5/25/24,Saturday,Lisbon,Portugal,Europe,2,Pink & Orange,Orange,Blurple Sparkles,Pink,Pastel,Silver/Black/Gold,Gold & Black,Taylor's Version,Red & Black,Red/Black 2.0,Nem Que A Vaca Tussa,Black,Black Sparkles,Swirls,No,Purple Metallic,Red & Black,Snake,Berry,Berry,170,Eggplant,Wood Grain,Pink,Yellow,Pink,Yellow,"Top-Left, Skirt-Right",Blue Ombre,I Love You,None,Pearl,White,White-Silver,White-Silver Trim,Gold,Pink,Purple,Blue,Swirls,Magenta,Navy Sparkles,,
5/29/24,Wednesday,Madrid,Spain,Europe,1,Pink & Blue,Silver,Blurple Sparkles,Pink,Pastel,Silver/Black/Gold,Gold & Black,Never Ever,Red & Black,Red/Black 2.0,Ni De Coña,Black,Black Sparkles,Swirls,No,Purple Metallic,Red & Black,Snake,Blue,Blue,155,Eggplant,Wood Grain,Orange,Yellow,Yellow,Orange,"Skirt-Left, Top-Right",Blue Ombre,I Love You,None,Black & Gold,White,Gold & Black,Gold-Black Trim,Gold,Orange,Purple,Iridescent,Chevron,Blue,Navy Sparkles,,
5/30/24,Thursday,Madrid,Spain,Europe,2,Purple Tassels,Indigo,Blurple Sparkles,Purple,Pastel,Long Gold,Gold & Black,I Bet You Think,Red & Black,Red/Black 2.0,Ni Borracha,Black,Black Sparkles,Blue,No,Purple Metallic,Red & Black,Snake,Berry,Berry,138,Eggplant,Wood Grain,Pink,Purple,Purple,Pink,"Skirt-Left, Top-Right",Blue Ombre,I Love You,None,Black & Silver,White,White-Silver,Silver-Black Trim,Gold,New Blue,Purple,Blue,Swirls,Multicolor,Navy Sparkles,,
6/2/24,Sunday,Lyon,France,Europe,1,Blue & Gold,Black,Blurple Sparkles,Blue,Pastel,Short Fringe,Gold & Black,Trouble,Red & Black,Red/Black 2.0,Jamais De La Vie,Black,Black Sparkles,Champagne,No,Purple Metallic,Red & Black,Snake,Green,Green,125,Eggplant,Wood Grain,Orange,Orange,Orange,Orange,Matching Set,Blue Ombre,I Love You,None,Black & Silver,White,Graphite,Graphite-Black Trim,Gold,Pink,Purple,Pink,Chevron,Magenta,Navy Sparkles,,
6/3/24,Monday,Lyon,France,Europe,2,All Pink,Hot Pink,Blurple Sparkles,Pink,Pastel,Silver/Black/Gold,Gold & Black,Ew,Red & Black,Red/Black 2.0,Laisse Tomber,Black,Black Sparkles,Purple,No,Purple Metallic,Red & Black,Snake,Yellow,Yellow,152,Eggplant,Wood Grain,Green,Blue,Blue,Green,"Skirt-Left, Top-Right",Blue Ombre,I Love You,None,Black & Silver,White,Black,Silver-Black Trim,Gold,Orange,Purple,Orchid,Cutout,Blue,Navy Sparkles,,
6/7/24,Friday,Edinburgh,Scotland,Europe,1,Blue & Gold,Black,Blurple Sparkles,Blue,Pastel,Silver/Black/Gold,Gold & Black,Taylor's Version,Red & Black,Red/Black 2.0,Nae Chance,Black,Black Sparkles,Swirls,No,Purple Metallic,Red & Black,Snake,Green,Green,134,Eggplant,Wood Grain,Yellow,Pink,Pink,Yellow,"Skirt-Left, Top-Right",Blue Ombre,I Love You,None,Pearl,White,White-Silver,White-Silver Trim,Gold,New Blue,Purple,Pink,Swirls,Multicolor,Navy Sparkles,,
6/8/24,Saturday,Edinburgh,Scotland,Europe,2,Pink & Blue,Silver,Blurple Sparkles,Pink,Pastel,Long Silver,Gold & Black,I Bet You Think,Red & Black,Red/Black 2.0,Ya Wee Radge,Black,Black Sparkles,Blue,No,Purple Metallic,Red & Black,Snake,Berry,Berry,92,Eggplant,Wood Grain,Blue,Purple,Purple,Blue,"Skirt-Left, Top-Right",Blue Ombre,I Love You,Black,Black & Gold,White,Gold & Black,Gold-Black Trim,Gold,Orange,Purple,Purple,Chevron,Blue,Navy Sparkles,,
6/9/24,Sunday,Edinburgh,Scotland,Europe,3,Purple Tassels,Indigo,Blurple Sparkles,Purple,Pastel,Short Fringe,Gold & Black,Trouble,Red & Black,Red/Black 2.0,Bolt Ya Rocket,Black,Black Sparkles,Swirls,No,Purple Metallic,Red & Black,Snake,Cream,Cream,87,Eggplant,Wood Grain,Purple,Green,Green,Purple,"Skirt-Left, Top-Right",Blue Ombre,I Love You,Black,Black & Silver,White,Graphite,Graphite-Black Trim,Gold,Pink,Purple,Silver,Cutout,Magenta,Navy Sparkles,,
6/13/24,Thursday,Liverpool,England,Europe,1,All Pink,Hot Pink,Blurple Sparkles,Pink,Pastel,Silver/Black/Gold,Gold & Black,Ew,Red & Black,Red/Black 2.0,For The 100th Time No,Black,Black Sparkles,Champagne,No,Purple Metallic,Red & Black,Snake,Green,Green,127,Eggplant,Wood Grain,Blue,Pink,Blue,Pink,"Top-Left, Skirt-Right",Blue Ombre,I Love You,White,Pearl,White,White-Silver,White-Silver Trim,Gold,Pink,Purple,Purple,Chevron,Multicolor,Navy Sparkles,,
6/14/24,Friday,Liverpool,England,Europe,2,Pink & Orange,Orange,Blurple Sparkles,Pink,Pastel,Short Fringe,Gold & Black,A Lot Going On,Red & Black,Red/Black 2.0,Eee Get On Yer Bike,Black,Black Sparkles,Purple,No,Purple Metallic,Red & Black,Snake,Blue,Blue,112,Eggplant,Wood Grain,Purple,Orange,Orange,Purple,"Skirt-Left, Top-Right",Blue Ombre,I Love You,Sparkly Black,Black & Gold,White,Black,Gold-Black Trim,Gold,New Blue,Purple,Iridescent,Swirls,Magenta,Navy Sparkles,,
6/15/24,Saturday,Liverpool,England,Europe,3,Pink & Blue,Silver,Blurple Sparkles,Pink,Pastel,Silver/Black/Gold,Gold & Black,Never Ever,Red & Black,Red/Black 2.0,Jog On Lad,Black,Black Sparkles,Swirls,No,Purple Metallic,Red & Black,Snake,Berry,Berry,109,Eggplant,Wood Grain,Yellow,Green,Yellow,Green,"Top-Left, Skirt-Right",Blue Ombre,I Love You,Sparkly Black,Black & Silver,White,Graphite,Graphite-Black Trim,Gold,Orange,Purple,Pink,Chevron,Blue,Navy Sparkles,,
6/18/24,Tuesday,Cardiff,Wales,Europe,1,Blue & Gold,Black,Blurple Sparkles,Blue,Pastel,Silver/Black/Gold,Gold & Black,A Lot Going On,Red & Black,Red/Black 2.0,Ych A Fi,Black,Black Sparkles,Champagne,No,Purple Metallic,Red & Black,Snake,Berry,Berry,149,Eggplant,Wood Grain,Green,Orange,Orange,Green,"Skirt-Left, Top-Right",Blue Ombre,I Love You,Sparkly Black,Black & Silver,White,White-Silver,Silver-Black Trim,Gold,Orange,Purple,Orchid,Chevron,Magenta,Navy Sparkles,,
6/21/24,Friday,London,England,Europe,1,Blue & Gold,Black,Blue & Gold,Blue,Pastel,Silver/Black/Gold,Gold & Black,Ew,Red & Black,Red/Black 2.0,Why Don't You Just Bog Off,Black,Black Sparkles,Champagne,No,Purple Sparkles,Red & Black,Snake,Berry,Berry,190,Eggplant,Wood Grain,Orange,Blue,Orange,Blue,"Top-Left, Skirt-Right",Blue Ombre,I Love You,Sparkly Black,Black & Gold,TTPD,Gold & Black,Gold-Black Trim,Gold,Orange,Purple,Orchid,Chevron,Blue,Navy Sparkles,,
6/22/24,Saturday,London,England,Europe,2,Pink & Orange,Orange,Pink & Orange,Pink,Pastel,Long Silver,Gold & Black,A Lot Going On,Red & Black,Red/Black 2.0,Do One Tosser,Black,Black Sparkles,Swirls,No,Purple Sparkles,Red & Black,Snake,Cream,Cream,134,Eggplant,Wood Grain,Purple,Pink,Pink,Purple,"Skirt-Left, Top-Right",Purple Metallic,I Love You,Sparkly Black,Black & Silver,TTPD,Graphite,Graphite-Black Trim,Silver,New Blue,Purple,Silver,Chevron,Magenta,Navy Sparkles,,
6/23/24,Sunday,London,England,Europe,3,Pink & Blue,Silver,Blurple Sparkles,Pink,Pastel,Short Fringe,Gold & Black,Never Ever,Red & Black,Red/Black 2.0,Up Yours Wanker,Black,Black Sparkles,Purple,No,Purple Metallic,Red & Black,Snake,Green,Green,166,Eggplant,Wood Grain,Pink,Green,Pink,Green,"Top-Left, Skirt-Right",Green Ombre,I Love You,Sparkly Black,Black & Silver,TTPD,White-Silver,Silver-Black Trim,White,Pink,Purple,Iridescent,Chevron,Multicolor,Navy Sparkles,,
6/28/24,Friday,Dublin,Ireland,Europe,1,All Pink,Hot Pink,Pink & Orange,Pink,Pastel,Silver/Black/Gold,Gold & Black,I Bet You Think,Red & Black,Red/Black 2.0,Póg Mo Thóin,Black,Black Sparkles,Purple,No,Purple Metallic,Red & Black,Snake,Green,Green,148,Eggplant,Rain,Orange,Green,Green,Orange,"Skirt-Left, Top-Right",Green Ombre,I Love You,Sparkly Black,Black & Silver,TTPD,Graphite,Graphite-Black Trim,Silver,New Blue,Purple,Purple,Chevron,Multicolor,Navy Sparkles,,
6/29/24,Saturday,Dublin,Ireland,Europe,2,Purple Tassels,Indigo,Blurple Sparkles,Purple,Pastel,Short Fringe,Gold & Black,Taylor's Version,Red & Black,Red/Black 2.0,The Neck Of Ye,Black,Black Sparkles,Blue,No,Purple Sparkles,Red & Black,Snake,Cream,Cream,187,Eggplant,Wood Grain,Yellow,Purple,Purple,Yellow,"Skirt-Left, Top-Right",Yellow Ombre,I Love You,Black,Black & Silver,TTPD,Black,Silver-Black Trim,White,Pink,Purple,Pink,Swirls,Blue,Navy Sparkles,,
6/30/24,Sunday,Dublin,Ireland,Europe,3,Blue & Gold,Black,Blue & Gold,Blue,Pastel,Silver/Black/Gold,Gold & Black,Ew,Red & Black,Red/Black 2.0,Bleeding Eejit,Black,Black Sparkles,Champagne,No,Purple Sparkles,Red & Black,Snake,Berry,Berry,192,Eggplant,Wood Grain,Green,Orange,Green,Orange,"Top-Left, Skirt-Right",Green Ombre,I Love You,Sparkly White,Pearl,TTPD,White-Silver,White-Silver Trim,Silver,Orange,Purple,Orchid,Chevron,Magenta,Navy Sparkles,,
7/4/24,Thursday,Amsterdam,Netherlands,Europe,1,Pink & Blue,Silver,Blurple Sparkles,Pink,Pastel,Silver/Black/Gold,Gold & Black,Trouble,Red & Black,Red/Black 2.0,Mij Niet Bellen,Black,Black Sparkles,Purple,No,Purple Metallic,Red & Black,Snake,Purple,Purple,144,Eggplant,Wood Grain,Blue,Orange,Orange,Blue,"Skirt-Left, Top-Right",Blue Ombre,I Love You,Sparkly Black,Black & Silver,TTPD,Graphite,Graphite-Black Trim,Silver,Orange,Purple,Silver,Chevron,Multicolor,Navy Sparkles,,
7/5/24,Friday,Amsterdam,Netherlands,Europe,2,Blue & Gold,Black,Blue & Gold,Blue,Pastel,Long Gold,Gold & Black,Taylor's Version,Red & Black,Red/Black 2.0,In Je Dromen,Black,Black Sparkles,Swirls,No,Purple Sparkles,Red & Black,Snake,Berry,Berry,165,Eggplant,Wood Grain,Green,Purple,Green,Purple,"Top-Left, Skirt-Right",Green Ombre,I Love You,Sparkly White,Pearl,TTPD,White-Silver,White-Silver Trim,White,New Blue,Purple,Blue,Chevron,Blue,Navy Sparkles,,
7/6/24,Saturday,Amsterdam,Netherlands,Europe,3,Pink & Orange,Orange,Pink & Orange,Pink,Pastel,Silver/Black/Gold,Gold & Black,A Lot Going On,Red & Black,Red/Black 2.0,Echt Niet,Black,Black Sparkles,Champagne,No,Purple Sparkles,Red & Black,Snake,Green,Green,176,Eggplant,Wood Grain,Orange,Pink,Pink,Orange,"Skirt-Left, Top-Right",Pink & Orange,I Love You,Sparkly Black,Black & Gold,TTPD,Black,Gold-Black Trim,Gold,Pink,Purple,Orchid,Chevron,Magenta,Navy Sparkles,,
7/9/24,Tuesday,Zurich,Switzerland,Europe,1,Purple Tassels,Indigo,Blurple Sparkles,Purple,Pastel,Short Fringe,Gold & Black,Ew,Red & Black,Red/Black 2.0,Blas Mer Id Schueh,Black,Black Sparkles,Champagne,No,Purple Sparkles,Red & Black,Snake,Berry,Berry,70,Eggplant,Wood Grain,Blue,Green,Green,Blue,"Skirt-Left, Top-Right",Green Ombre,I Love You,Sparkly Black,Black & Silver,TTPD,Black,Graphite-Black Trim,Silver,Orange,Purple,Pink,Chevron,Magenta,Navy Sparkles,,
7/10/24,Wednesday,Zurich,Switzerland,Europe,2,Blue & Gold,Black,Blue & Gold,Blue,Pastel,Silver/Black/Gold,Gold & Black,Never Ever,Red & Black,Red/Black 2.0,Verreis,Black,Black Sparkles,Purple,No,Purple Metallic,Red & Black,Snake,Blue,Blue,93,Eggplant,Wood Grain,Purple,Yellow,Yellow,Purple,"Skirt-Left, Top-Right",Yellow Ombre,I Love You,Sparkly White,Pearl,TTPD,White-Silver,White-Silver Trim,White,Pink,Purple,Iridescent,Chevron,Blue,Navy Sparkles,,
7/13/24,Saturday,Milan,Italy,Europe,1,Pink & Blue,Silver,Blurple Sparkles,Pink,Pastel,Gold/Black Tiger,Gold & Black,I Bet You Think,Red & Black,Red/Black 2.0,Col Cazzo,Black,Black Sparkles,Swirls,No,Purple Sparkles,Red & Black,Snake,Berry,Berry,139,Eggplant,Wood Grain,Blue,Blue,Blue,Blue,Matching Set,Blue Ombre,Who's Afraid?,Sparkly White,Pearl,TTPD,White-Silver,White-Silver Trim,White,Orange,Purple,Silver,Chevron,Magenta,Navy Sparkles,,
7/14/24,Sunday,Milan,Italy,Europe,2,Pink & Orange,Orange,Pink & Orange,Pink,Pastel,Short Fringe,Gold & Black,Taylor's Version,Red & Black,Red/Black 2.0,Manco Morta,Black,Black Sparkles,Purple Waves,No,Purple Sparkles,Red & Black,Snake,Green,Green,129,Eggplant,Wood Grain,Pink,Pink,Pink,Pink,Matching Set,Pink & Orange,Who's Afraid?,Sparkly Black,Black & Silver,TTPD,Graphite,Graphite-Black Trim,Silver,New Blue,Purple,Orchid,Chevron,Blue,Navy Sparkles,,
7/17/24,Wednesday,Gelsenkirchen,Germany,Europe,1,All Pink,Hot Pink,Pink & Orange,Pink,Pastel,Short Fringe,Gold & Black,Ew,Red & Black,Red/Black 2.0,Kannste Knicken,Black,Black Sparkles,Champagne,No,Purple Sparkles,Red & Black,Snake,Cream,Cream,149,Eggplant,Wood Grain,Yellow,Yellow,Yellow,Yellow,Matching Set,Yellow Ombre,Who's Afraid?,Sparkly Black,Black & Silver,TTPD,Graphite,Graphite-Black Trim,Silver,Orange,Purple,Iridescent,Cutout,Multicolor,Navy Sparkles,,
7/18/24,Thursday,Gelsenkirchen,Germany,Europe,2,Blue & Gold,Black,Blue & Gold,Blue,Pastel,Gold/Black Tiger,Gold & Black,A Lot Going On,Red & Black,Red/Black 2.0,Träum Weiter,Black,Black Sparkles,Purple Waves,No,Purple Sparkles,Red & Black,Snake,Green,Green,156,Eggplant,Wood Grain,Purple,Purple,Purple,Purple,Matching Set,Purple Metallic,I Love You,Sparkly Black,Black & Silver,TTPD,Black,Silver-Black Trim,Silver,New Blue,Purple,Pink,Chevron,Blue,Navy Sparkles,,
7/19/24,Friday,Gelsenkirchen,Germany,Europe,3,Purple Tassels,Indigo,Blurple Sparkles,Purple,Pastel,Silver/Black/Gold,Gold & Black,Never Ever,Red & Black,Red/Black 2.0,Zieh Leine,Black,Black Sparkles,Purple,No,Purple Metallic,Red & Black,Snake,Yellow,Yellow,161,Eggplant,Wood Grain,Blue,Pink,Blue,Pink,"Top-Left, Skirt-Right",Blue Ombre,Who's Afraid?,Sparkly White,Pearl,TTPD,White-Silver,White-Silver Trim,White,Pink,Purple,Purple,Swirls,Magenta,Navy Sparkles,,
7/23/24,Tuesday,Hamburg,Germany,Europe,1,Pink & Blue,Silver,Blurple Sparkles,Pink,Pastel,Silver/Black/Gold,Gold & Black,I Bet You Think,Red & Black,Red/Black 2.0,Im Leben Nicht,Black,Black Sparkles,Champagne,No,Purple Sparkles,Red & Black,Snake,Berry,Berry,156,Eggplant,Wood Grain,Yellow,Pink,Pink,Yellow,"Skirt-Left, Top-Right",Yellow Ombre,I Love You,Sparkly Black,Black & Silver,TTPD,White-Silver,Silver-Black Trim,White,Orange,Purple,Blue,Cutout,Multicolor,Navy Sparkles,,
7/24/24,Wednesday,Hamburg,Germany,Europe,2,Pink & Orange,Orange,Pink & Orange,Pink,Pastel,Gold/Black Tiger,Gold & Black,Ew,Red & Black,Red/Black 2.0,Auf Gar Keinen Fall,Black,Black Sparkles,Swirls,No,Purple Sparkles,Red & Black,Snake,Green,Green,190,Eggplant,Wood Grain,Purple,Blue,Blue,Purple,"Skirt-Left, Top-Right",Blue Ombre,Who's Afraid?,Black,Black & Silver,TTPD,Black,Gold-Black Trim,Gold,New Blue,Purple,Orchid,Chevron,Magenta,Navy Sparkles,,
7/27/24,Saturday,Munich,Germany,Europe,1,Blue & Gold,Black,Blue & Gold,Blue,Pastel,Short Fringe,Gold & Black,I Bet You Think,Red & Black,Red/Black 2.0,Verpiss Dich,Black,Black Sparkles,Purple,No,Purple Metallic,Red & Black,Snake,Green,Green,193,Eggplant,Wood Grain,Blue,Orange,Orange,Blue,"Skirt-Left, Top-Right",Blue Ombre,Who's Afraid?,Sparkly Black,Black & Silver,TTPD,Graphite,Graphite-Black Trim,Silver,Pink,Purple,Blue,Chevron,Magenta,Navy Sparkles,,
7/28/24,Sunday,Munich,Germany,Europe,2,Purple Tassels,Indigo,Blurple Sparkles,Purple,Pastel,Long Silver,Gold & Black,Taylor's Version,Red & Black,Red/Black 2.0,Vergiss Es,Black,Black Sparkles,Champagne,No,Purple Sparkles,Red & Black,Snake,Berry,Berry,217,Eggplant,Wood Grain,Purple,Yellow,Purple,Yellow,"Top-Left, Skirt-Right",Yellow Ombre,I Love You,Sparkly Black,Black & Silver,TTPD,White-Silver,Silver-Black Trim,White,Orange,Purple,Silver,Cutout,Blue,Navy Sparkles,,
8/1/24,Thursday,Warsaw,Poland,Europe,1,Pink & Blue,Silver,Blurple Sparkles,Pink,Pastel,Silver/Black/Gold,Gold & Black,A Lot Going On,Red & Black,Red/Black 2.0,Nigdy Przenigdy,Black,Black Sparkles,Purple Waves,No,Purple Metallic,Red & Black,Snake,Cream,Cream,182,Eggplant,Wood Grain,Yellow,Pink,Yellow,Pink,"Top-Left, Skirt-Right",Yellow Ombre,Who's Afraid?,Sparkly White,Pearl,TTPD,White-Silver,White-Silver Trim,White,New Blue,Purple,Pink,Chevron,Blue,Navy Sparkles,,
8/2/24,Friday,Warsaw,Poland,Europe,2,All Pink,Hot Pink,Pink & Orange,Pink,Pastel,Gold/Black Tiger,Gold & Black,Ew,Red & Black,Red/Black 2.0,Żartujesz,Black,Black Sparkles,Swirls,No,Purple Sparkles,Red & Black,Snake,Green,Green,157,Eggplant,Wood Grain,Green,Blue,Green,Blue,"Top-Left, Skirt-Right",Green Ombre,I Love You,Black,Black & Gold,TTPD,Black,Gold-Black Trim,Gold,Orange,Purple,Iridescent,Cutout,Multicolor,Navy Sparkles,,
8/3/24,Saturday,Warsaw,Poland,Europe,3,Pink & Orange,Orange,Pink & Orange,Pink,Pastel,Short Fringe,Gold & Black,I Bet You Think,Red & Black,Red/Black 2.0,Chyba Śnisz,Black,Black Sparkles,Champagne,No,Purple Sparkles,Red & Black,Snake,Yellow,Yellow,153,Eggplant,Wood Grain,Pink,Purple,Purple,Pink,"Skirt-Left, Top-Right",Purple Metallic,Who's Afraid?,Sparkly Black,Black & Silver,TTPD,Graphite,Graphite-Black Trim,Silver,Pink,Purple,Purple,Chevron,Magenta,Navy Sparkles,,
8/15/24,Thursday,London,England,Europe,1,Pink & Blue,Silver,Blurple Sparkles,Pink,Pastel,Silver/Black/Gold,Gold & Black,A Lot Going On,Red & Black,Red/Black 2.0,Are You Mad,Black,Black Sparkles,Purple,No,Purple Metallic,Red & Black,Snake,Green,Green,172,Eggplant,Wood Grain,Green,Pink,Green,Pink,"Top-Left, Skirt-Right",Green Ombre,Who's Afraid?,Black,Black & Gold,TTPD,Black,Gold-Black Trim,Gold,New Blue,Purple,Blue,Chevron,Magenta,Navy Sparkles,,
8/16/24,Friday,London,England,Europe,2,Purple Tassels,Indigo,Blurple Sparkles,Purple,Pastel,Long Gold,Gold & Black,Ew,Red & Black,Red/Black 2.0,What A Knobhead,Black,Black Sparkles,Champagne,No,Purple Sparkles,Red & Black,Snake,Cream,Cream,221,Eggplant,Wood Grain,Yellow,Blue,Yellow,Blue,"Top-Left, Skirt-Right",Yellow Ombre,I Love You,Sparkly White,Pearl,TTPD,White-Silver,White-Silver Trim,Silver Rhinestone,Pink,Purple,Silver,Moonstone,Blue,Navy Sparkles,,
8/17/24,Saturday,London,England,Europe,3,Blue & Gold,Black,Blue & Gold,Blue,Pastel,Gold/Black Tiger,Gold & Black,Trouble,Red & Black,Red/Black 2.0,Nah Bruv,Black,Black Sparkles,Blue,No,Purple Sparkles,Red & Black,Snake,Yellow,Yellow,317,Eggplant,Wood Grain,Orange,Purple,Purple,Orange,"Skirt-Left, Top-Right",Pink & Orange,Who's Afraid?,Sparkly Black,Black & Silver,TTPD,Graphite,Graphite-Black Trim,Silver,Orange,Purple,Orchid,Chevron,Multicolor,Navy Sparkles,,
8/19/24,Monday,London,England,Europe,4,All Pink,Hot Pink,Pink & Orange,Pink,Pastel,Long Silver,Gold & Black,Taylor's Version,Red & Black,Red/Black 2.0,Are You Having a Laugh,Black,Black Sparkles,Purple Waves,No,Purple Metallic,Red & Black,Snake,Blue,Blue,178,Eggplant,Wood Grain,Blue,Orange,Orange,Blue,"Skirt-Left, Top-Right",Blue Ombre,I Love You,Sparkly Black,Black & Silver,TTPD,Black,Silver-Black Trim,White,Pink,Purple,Pink,Moonstone,Magenta,Navy Sparkles,,
8/20/24,Tuesday,London,England,Europe,5,Pink & Orange,Orange,Pink & Orange,Pink,Pastel,Short Fringe,Gold & Black,I Bet You Think,Red & Black,Red/Black 2.0,Get Out Of My Pub,Black,Black Sparkles,Swirls,No,Purple Sparkles,Red & Black,Snake,Berry,Berry,228,Eggplant,Wood Grain,Pink,Yellow,Pink,Yellow,"Top-Left, Skirt-Right",Yellow Ombre,Who's Afraid?,Sparkly White,Pearl,TTPD,White-Silver,White-Silver Trim,Silver Rhinestone,Orange,Purple,Purple,Chevron,Blue,Navy Sparkles,,
10/18/24,Friday,Miami,USA,Southeast,1,Pink & Orange,Orange,Pink & Orange,Pink,Pastel,Blue/Silver,Blurple Sparkles,A Lot Going On,Red & Black,Red/Black 2.0,Pero Like Never,Black,Black Sparkles,Swirls,No,Purple Sparkles,Gold & Black,Snake,Berry,Berry,159,Eggplant,Wood Grain,Orange,Green,Orange,Green,"Top-Left, Skirt-Right",Green Ombre,Who's Afraid?,Sparkly White,Pearl,TTPD,White-Silver,White-Silver Trim,Silver Rhinestone,Beta Fish,Lavender,Purple Sequin,Moonstone,Magenta,Navy Sparkles,,
10/19/24,Saturday,Miami,USA,Southeast,2,Blue & Gold,Black,Blue & Gold,Blue,Pastel,Silver/Black/Gold,Gold & Black,Taylor's Version,Red & Black,Red/Black 2.0,Literally Never,Black,Black Sparkles,Teal Sparkles,No,Purple Sparkles,Gold & Black,Snake,Green,Green,201,Eggplant,Wood Grain,Yellow,Pink,Yellow,Pink,"Top-Left, Skirt-Right",Yellow Ombre,Who's Afraid?,Sparkly Black,Black & Gold,TTPD,Black,Gold-Black Trim,Gold,Blurple,Lavender,Blue/Silver Sequin,Chevron,Blue,Navy Sparkles,,
10/20/24,Sunday,Miami,USA,Southeast,3,Purple Tassels,Indigo,Blurple Sparkles,Purple,Pastel,Gold/Black Tiger,Gold & Black,I Bet You Think,Red & Black,Red/Black 2.0,Irregardless No,Black,Black Sparkles,Purple,No,Purple Sparkles,Gold & Black,Snake,Yellow,Yellow,166,Eggplant,Wood Grain,Blue,Purple,Purple,Blue,"Top-Left, Skirt-Right",Purple Metallic,Who's Afraid?,White,Black & Silver,TTPD,White-Silver,Silver-Black Trim,Silver Rhinestone,Sunrise Blvd,Lavender,Orchid,Moonstone,Multicolor,Navy Sparkles,,
10/25/24,Friday,New Orleans,USA,Southeast,1,Pink & Blue,Silver,Blurple Sparkles,Pink,Pastel,Short Fringe,Gold & Black,Ew,Red & Black,Red/Black 2.0,Oh No Baby,Black,Black Sparkles,Purple Waves,No,Purple Metallic,Gold & Black,Snake,Yellow,Yellow,197,Eggplant,Wood Grain,Purple,Yellow,Green,Green,Not Matching,Yellow Ombre,I Love You,Sparkly White,Pearl,TTPD,White-Silver,White-Silver Trim,White,Rocketpop,Lavender,Blue/Silver Sequin,Chevron,Multicolor,Navy Sparkles,,
10/26/24,Saturday,New Orleans,USA,Southeast,2,All Pink,Hot Pink,Blurple Sparkles,Pink,Pastel,Blue/Silver,Gold & Black,Trouble,Red & Black,Red/Black 2.0,Uh Uh Ain't Gonna Happen,Black,Black Sparkles,Teal Sparkles,No,Purple Sparkles,Gold & Black,Snake,Berry,Berry,158,Eggplant,Wood Grain,Yellow,Yellow,Yellow,Yellow,Matching Set,Yellow Ombre,Who's Afraid?,Sparkly Black,Black & Gold,TTPD,Gold & Black,Gold-Black Trim,Gold,Orange,Lavender,Purple Sequin,Moonstone,Magenta,Navy Sparkles,,
10/27/24,Sunday,New Orleans,USA,Southeast,3,Purple Tassels,Indigo,Blurple Sparkles,Purple,Pastel,Long Silver,Gold & Black,A Lot Going On,Red & Black,Red/Black 2.0,She Said What She Said,Black,Black Sparkles,Champagne,No,Purple Sparkles,Gold & Black,Snake,Green,Green,227,Eggplant,Wood Grain,Blue,Purple,Pink,Pink,Not Matching,Purple Metallic,I Love You,Sparkly Black,Black & Silver,TTPD,Black,Graphite-Black Trim,Silver Rhinestone,Blurple,Lavender,Orchid,Cutout,Blue,Navy Sparkles,,
11/1/24,Friday,Indianapolis,USA,Midwest,1,Blue & Gold,Black,Blue & Gold,Blue,Pastel,Gold/Black Tiger,Gold & Black,I Bet You Think,Red & Black,Red/Black 2.0,No Yeah No,Black,Black Sparkles,Purple,No,Purple Metallic,Gold & Black,Snake,Berry,Berry,218,Eggplant,Wood Grain,Pink,Pink,Pink,Pink,Matching Set,Pink & Orange,Who's Afraid?,Sparkly White,Pearl,TTPD,White-Silver,White-Silver Trim,White,Beta Fish,Lavender,Silver,Chevron,Blue,Navy Sparkles,,
11/2/24,Saturday,Indianapolis,USA,Midwest,2,Pink & Orange,Orange,Pink & Orange,Pink,Pastel,Blue/Silver,Gold & Black,Ew,Red & Black,Red/Black 2.0,Ope No,Black,Black Sparkles,Teal Sparkles,No,Purple Sparkles,Gold & Black,Snake,Green,Green,193,Eggplant,Wood Grain,Yellow,Orange,Yellow,Orange,"Top-Left, Skirt-Right",Yellow Ombre,I Love You,Sparkly Black,Black & Gold,TTPD,Gold & Black,Gold-Black Trim,Gold,Rocketpop,Lavender,Orchid,Moonstone,Magenta,Navy Sparkles,,
11/3/24,Sunday,Indianapolis,USA,Midwest,3,Pink & Blue,Silver,Blurple Sparkles,Pink,Pastel,Silver/Black/Gold,Gold & Black,A Lot Going On,Red & Black,Red/Black 2.0,Scram,Black,Black Sparkles,Swirls,No,Purple Metallic,Gold & Black,Snake,Yellow,Yellow,233,Eggplant,Wood Grain,Purple,Purple,Purple,Purple,Matching Set,Purple Metallic,Who's Afraid?,Sparkly Black,Black & Silver,TTPD,Black,Silver-Black Trim,Silver,Sunrise Blvd,Lavender,Purple Sequin,Cutout,Multicolor,Navy Sparkles,,
11/14/24,Thursday,Toronto,Canada,North America,1,Blue & Gold,Black,Blue & Gold,Blue,Pastel,Silver/Black/Gold,Gold & Black,Taylor's Version,Red & Black,Red/Black 2.0,Sorry About It,Black,Black Sparkles,Teal Sparkles,No,Purple Sparkles,Gold & Black,Snake,Cream,Cream,178,Eggplant,Wood Grain,Green,Blue,Green,Blue,"Top-Left, Skirt-Right",Green Ombre,I Love You,Sparkly Black,Black & Silver,White,Graphite,Graphite-Black Trim,Silver Rhinestone,Rocketpop,Lavender,Blue/Silver Sequin,Moonstone,Multicolor,Navy Sparkles,,
11/15/24,Friday,Toronto,Canada,North America,2,All Pink,Hot Pink,Pink & Orange,Purple,Pastel,Blue/Silver,Gold & Black,Trouble,Red & Black,Red/Black 2.0,Get Lost Bud,Black,Black Sparkles,Purple,No,Purple Sparkles,Gold & Black,Snake,Blue,Blue,184,Eggplant,Wood Grain,Purple,Pink,Pink,Purple,"Skirt-Left, Top-Right",Purple Metallic,Who's Afraid?,Sparkly White,Pearl,TTPD,White-Silver,White-Silver Trim,White,Blurple,Lavender,Purple Sequin,Cutout,Magenta,Navy Sparkles,,
11/16/24,Saturday,Toronto,Canada,North America,3,Pink & Orange,Orange,Pink & Orange,Pink,Pastel,Short Fringe,Gold & Black,I Bet You Think,Red & Black,Red/Black 2.0,Yeah No For Sure,Black,Black Sparkles,Purple Waves,No,Purple Sparkles,Gold & Black,Snake,Green,Green,230,Eggplant,Wood Grain,Blue,Orange,Orange,Blue,"Skirt-Left, Top-Right",Blue Ombre,I Love You,Sparkly Black,Black & Gold,TTPD,Black,Gold-Black Trim,Gold,Sunrise Blvd,Lavender,Orchid,Chevron,Blue,Navy Sparkles,,
11/21/24,Thursday,Toronto,Canada,North America,4,Purple Tassels,Indigo,Blurple Sparkles,Purple,Pastel,Long Gold,Gold & Black,Ew,Red & Black,Red/Black 2.0,Nah Ya Dust Fam,Black,Black Sparkles,Blue,No,Purple Sparkles,Gold & Black,Snake,Purple,Purple,162,Eggplant,Wood Grain,Yellow,Pink,Yellow,Pink,"Top-Left, Skirt-Right",Yellow Ombre,Who's Afraid?,Sparkly Black,Black & Silver,TTPD,White-Silver,Silver-Black Trim,White,Beta Fish,Lavender,Blue,Swirls,Blue,Navy Sparkles,,
11/22/24,Friday,Toronto,Canada,North America,5,Blue & Gold,Black,Blue & Gold,Blue,Pastel,Gold/Black Tiger,Gold & Black,Never Ever,Red & Black,Red/Black 2.0,Hoser Take Off Eh,Black,Black Sparkles,Champagne,No,Purple Sparkles,Gold & Black,Snake,Yellow,Yellow,166,Eggplant,Wood Grain,Orange,Purple,Orange,Purple,"Top-Left, Skirt-Right",Pink & Orange,I Love You,I Heart,Black & Silver,TTPD,Graphite,Graphite-Black Trim,Silver Rhinestone,Rocketpop,Lavender,Silver,Moonstone,Multicolor,Navy Sparkles,,
11/23/24,Saturday,Toronto,Canada,North America,6,Pink & Blue,Silver,Blurple Sparkles,Pink,Pastel,Silver/Black/Gold,Gold & Black,A Lot Going On,Red & Black,Red/Black 2.0,Ew David Eww,Black,Black Sparkles,Swirls,No,Purple Sparkles,Gold & Black,Snake,Berry,Berry,185,Eggplant,Wood Grain,Pink,Blue,Blue,Pink,"Skirt-Left, Top-Right",Blue Ombre,Who's Afraid?,Sparkly Black,Black & Gold,White,Gold & Black,Gold-Black Trim,Gold,Blurple,Lavender,Iridescent,Chevron,Magenta,Navy Sparkles,,
12/6/24,Friday,Vancouver,Canada,North America,1,Blue & Gold,Black,Blue & Gold,Blue,Pastel,Silver/Black/Gold,Gold & Black,Taylor's Version,Red & Black,Red/Black 2.0,Like Ever,Black,Black Sparkles,Champagne,No,Purple Sparkles,Gold & Black,Snake,Berry,Berry,153,Eggplant,Wood Grain,Yellow,Orange,Orange,Yellow,"Skirt-Left, Top-Right",Yellow Ombre,I Love You,Sparkly White,Pearl,TTPD,White-Silver,White-Silver Trim,White,Blurple,Lavender,Iridescent,Chevron,Magenta,Navy Sparkles,,
12/7/24,Saturday,Vancouver,Canada,North America,2,Blue & Gold,Black,Blue & Gold,Blue,Pastel,Silver/Black/Gold,Gold & Black,Taylor's Version,Red & Black,Red/Black 2.0,Like Ever,Black,Black Sparkles,Champagne,No,Purple Sparkles,Gold & Black,Snake,Berry,Berry,276,Eggplant,Wood Grain,Yellow,Orange,Orange,Yellow,"Skirt-Left, Top-Right",Yellow Ombre,I Love You,Sparkly White,Pearl,White,White-Silver,White-Silver Trim,White,Blurple,Lavender,Iridescent,Chevron,Magenta,Navy Sparkles,,
12/8/24,Sunday,Vancouver,Canada,North America,3,Blue & Gold,Black,Blue & Gold,Blue,Pastel,Silver/Black/Gold,Gold & Black,Taylor's Version,Red & Black,Red/Black 2.0,For The Last Time No,Black,Black Sparkles,Champagne,No,Purple Sparkles,Gold & Black,Snake,Berry,Berry,180,Eggplant,Wood Grain,Yellow,Orange,Yellow,Orange,"Top-Left, Skirt-Right",Yellow Ombre,I Love You,Sparkly White,Pearl,White,White-Silver,White-Silver Trim,White,Blurple,Lavender,Iridescent,Chevron,Magenta,Navy Sparkles,,